id,gender,job_field,donation,donation_frequency,annual_donation,university,state
1,Male,Human Resources,28,Weekly,1456,McSparran,Colorado
2,Male,Human Resources,292,Once,292,Ferrelli,California
3,Female,Engineering,178,Monthly,2136,Ragsdall,California
4,Male,Sales,304,Monthly,3648,null,Illinois
5,Male,Business Development,219,Weekly,11388,Spitell,Florida
6,Male,Engineering,100,Weekly,5200,Pettersen,Louisiana
7,Female,Legal,255,Yearly,255,Hanretty,Michigan
8,Male,Marketing,368,Once,368,null,Oklahoma
9,Male,Human Resources,395,Monthly,4740,Adamthwaite,Oregon
10,Female,Services,358,Monthly,4296,Eddington,California
11,Male,Services,386,Yearly,386,Elger,California
12,Male,Accounting,423,Weekly,21996,Nolot,Louisiana
13,Male,Legal,468,Once,468,Gorler,Oregon
14,Male,Sales,58,Weekly,3016,Rexworthy,Ohio
15,Female,Engineering,393,Once,393,Lacoste,Oklahoma
16,Female,Engineering,468,Weekly,24336,null,Texas
17,Male,Research and Development,170,Yearly,170,Durrand,Virginia
18,Female,Marketing,39,Once,39,null,Ohio
19,Female,Marketing,151,Monthly,1812,Mc Gaughey,Georgia
20,Female,Sales,396,Monthly,4752,null,California
21,Female,Training,370,Once,370,Holsey,Illinois
22,Male,Marketing,324,Weekly,16848,Karpushkin,Colorado
23,Male,Human Resources,434,Weekly,22568,Mines,New Hampshire
24,Female,Business Development,453,Weekly,23556,null,Wisconsin
25,Female,Research and Development,140,Weekly,7280,null,California
26,Male,Training,135,Once,135,Langdale,New York
27,Female,Legal,378,Monthly,4536,Tadgell,Georgia
28,Female,Marketing,420,Weekly,21840,Chillingsworth,Washington
29,Female,Research and Development,257,Monthly,3084,Hutten,California
30,Male,Marketing,192,Weekly,9984,Mitton,Michigan
31,Male,Legal,205,Monthly,2460,Jagg,New York
32,Female,Business Development,467,Once,467,null,California
33,Male,Accounting,181,Once,181,Maydwell,Arkansas
34,Male,Human Resources,299,Yearly,299,null,Utah
35,Female,Legal,499,Yearly,499,Sparhawk,Virginia
36,Female,Services,54,Yearly,54,Mosdell,Ohio
37,Male,Human Resources,81,Yearly,81,Tonna,Georgia
38,Female,Engineering,340,Yearly,340,Silverstone,Alabama
39,Male,Marketing,161,Yearly,161,null,Connecticut
40,Female,Human Resources,450,Monthly,5400,null,Ohio
41,Male,Support,259,Weekly,13468,Aylesbury,Illinois
42,Female,Sales,383,Monthly,4596,Plowman,New York
43,Male,Services,97,Weekly,5044,Belbin,Oklahoma
44,Female,Sales,365,Monthly,4380,null,California
45,Female,Business Development,61,Monthly,732,Dollimore,Texas
46,Female,Accounting,91,Weekly,4732,null,Colorado
47,Male,Engineering,249,Once,249,Lally,Delaware
48,Female,Sales,99,Once,99,Annice,Florida
49,Male,Business Development,365,Yearly,365,Pounder,Florida
50,Female,Marketing,384,Yearly,384,Matas,Illinois
51,Female,Engineering,387,Weekly,20124,Aish,Idaho
52,Female,Services,355,Monthly,4260,McNish,Oklahoma
53,Male,Sales,430,Once,430,Pear,Virginia
54,Male,Product Management,244,Yearly,244,Toolan,Arizona
55,Male,Legal,243,Monthly,2916,Jerisch,Wisconsin
56,Male,Research and Development,326,Weekly,16952,Gedney,Iowa
57,Female,Sales,310,Monthly,3720,Scocroft,New Mexico
58,Female,Accounting,270,Once,270,Krink,Iowa
59,Female,Training,268,Once,268,Lengthorn,District of Columbia
60,Male,Legal,261,Weekly,13572,null,Arizona
61,Male,Services,444,Yearly,444,Edgeler,Texas
62,Male,Support,458,Monthly,5496,Mallall,California
63,Male,Sales,400,Once,400,null,New York
64,Male,Research and Development,182,Weekly,9464,null,Colorado
65,Female,Product Management,37,Monthly,444,Herries,Texas
66,Female,Research and Development,252,Monthly,3024,null,Tennessee
67,Male,Legal,373,Once,373,Slyman,California
68,Female,Accounting,444,Monthly,5328,McAlindon,Michigan
69,Female,Human Resources,254,Once,254,Albrighton,Ohio
70,Male,Human Resources,60,Once,60,Pickrell,Delaware
71,Female,Marketing,9,Once,9,Boichat,Tennessee
72,Female,Training,78,Monthly,936,McIlmurray,Washington
73,Female,Accounting,165,Yearly,165,null,New Mexico
74,Male,Accounting,337,Yearly,337,Hellen,Missouri
75,Female,Business Development,40,Weekly,2080,Claasen,Florida
76,Male,Support,494,Weekly,25688,Cominetti,California
77,Male,Legal,253,Once,253,Deeson,Oklahoma
78,Female,Legal,205,Once,205,null,Massachusetts
79,Female,Product Management,130,Once,130,Aldersley,Nebraska
80,Male,Product Management,470,Once,470,Thams,District of Columbia
81,Female,Training,192,Weekly,9984,Andrusov,North Carolina
82,Male,Accounting,142,Yearly,142,Ivushkin,Oklahoma
83,Female,Accounting,130,Weekly,6760,Vasiliev,Pennsylvania
84,Female,Human Resources,40,Once,40,null,Texas
85,Male,Services,278,Weekly,14456,Readhead,Kansas
86,Male,Engineering,305,Once,305,Pead,Virginia
87,Male,Research and Development,375,Weekly,19500,Harget,New Mexico
88,Male,Training,482,Once,482,Ellerey,California
89,Male,Human Resources,459,Yearly,459,Cropton,Colorado
90,Female,Marketing,489,Weekly,25428,Fraser,Florida
91,Female,Engineering,285,Once,285,Strathern,New York
92,Female,Sales,272,Weekly,14144,Eldrett,Florida
93,Female,Engineering,212,Once,212,Laurentin,Ohio
94,Male,Support,23,Yearly,23,Cranton,California
95,Female,Sales,329,Monthly,3948,Gavin,Tennessee
96,Female,Product Management,483,Monthly,5796,Gorch,Connecticut
97,Female,Marketing,51,Weekly,2652,Songest,Arizona
98,Female,Human Resources,135,Yearly,135,Runham,California
99,Male,Services,227,Weekly,11804,null,New York
100,Male,Training,174,Weekly,9048,Porritt,Kansas
101,Female,Business Development,148,Yearly,148,null,District of Columbia
102,Male,Engineering,463,Weekly,24076,null,Missouri
103,Female,Human Resources,353,Once,353,null,Massachusetts
104,Female,Research and Development,369,Monthly,4428,Renshall,Tennessee
105,Female,Human Resources,342,Yearly,342,Hoffmann,Florida
106,Female,Engineering,310,Yearly,310,Agastina,Florida
107,Male,Business Development,143,Weekly,7436,null,Maryland
108,Female,Support,212,Yearly,212,null,Oregon
109,Male,Research and Development,76,Yearly,76,Kewley,Missouri
110,Female,Marketing,142,Weekly,7384,McLaverty,North Carolina
111,Female,Services,190,Weekly,9880,Deyenhardt,California
112,Female,Product Management,351,Once,351,Wheal,Washington
113,Female,Business Development,280,Monthly,3360,Harle,Florida
114,Female,Business Development,113,Once,113,Delacour,Nevada
115,Male,Business Development,16,Weekly,832,Havers,Kansas
116,Male,Engineering,197,Monthly,2364,null,Illinois
117,Male,Product Management,113,Once,113,Cranstoun,New York
118,Male,Engineering,6,Yearly,6,Marfell,California
119,Male,Product Management,482,Once,482,Gunby,Florida
120,Female,Accounting,452,Weekly,23504,Enevoldsen,Georgia
121,Male,Marketing,203,Weekly,10556,Eisikowitch,Missouri
122,Female,Services,359,Weekly,18668,null,Arizona
123,Female,Business Development,69,Once,69,Sweeting,New York
124,Male,Business Development,358,Monthly,4296,null,Texas
125,Female,Research and Development,356,Weekly,18512,null,Minnesota
126,Female,Research and Development,273,Once,273,Sturdey,California
127,Male,Human Resources,480,Monthly,5760,null,Tennessee
128,Male,Human Resources,408,Monthly,4896,null,Ohio
129,Female,Training,176,Weekly,9152,null,Florida
130,Female,Engineering,292,Monthly,3504,Featherstonhaugh,Ohio
131,Male,Engineering,345,Monthly,4140,Cordrey,Nebraska
132,Female,Sales,451,Monthly,5412,Olive,Florida
133,Male,Support,114,Monthly,1368,Wawer,Oregon
134,Female,Legal,338,Once,338,Shadbolt,Michigan
135,Female,Marketing,150,Monthly,1800,Poetz,Indiana
136,Male,Engineering,209,Yearly,209,Sitlinton,Florida
137,Female,Legal,444,Once,444,Petticrow,California
138,Female,Engineering,379,Yearly,379,Tansly,California
139,Male,Support,500,Yearly,500,Walasik,Michigan
140,Male,Legal,449,Weekly,23348,null,Florida
141,Male,Human Resources,363,Weekly,18876,Tring,Louisiana
142,Female,Training,256,Monthly,3072,Sterley,New York
143,Male,Marketing,187,Monthly,2244,Scarratt,Texas
144,Male,Marketing,213,Weekly,11076,Dolan,Virginia
145,Female,Marketing,420,Once,420,Grasha,New York
146,Male,Sales,63,Monthly,756,Perfect,Florida
147,Male,Human Resources,482,Yearly,482,Tew,Arkansas
148,Female,Accounting,369,Monthly,4428,Angood,Virginia
149,Female,Engineering,121,Monthly,1452,Scutching,Florida
150,Female,Business Development,421,Monthly,5052,Effnert,Florida
151,Female,Marketing,321,Weekly,16692,Roads,Texas
152,Male,Sales,307,Once,307,Vero,Texas
153,Male,Training,491,Once,491,McIlmorow,Nevada
154,Female,Business Development,153,Weekly,7956,Corkill,Washington
155,Male,Engineering,474,Monthly,5688,Finlayson,Utah
156,Female,Sales,232,Once,232,Grzelak,Wyoming
157,Male,Training,177,Monthly,2124,null,Louisiana
158,Male,Business Development,19,Weekly,988,Kincla,Michigan
159,Female,Support,108,Yearly,108,Roser,California
160,Female,Research and Development,9,Once,9,Goodlatt,Idaho
161,Female,Product Management,72,Weekly,3744,O'Dea,District of Columbia
162,Female,Services,87,Once,87,Kalinsky,Texas
163,Male,Support,169,Monthly,2028,null,Missouri
164,Female,Business Development,114,Weekly,5928,null,Ohio
165,Male,Human Resources,196,Once,196,Mitchiner,North Carolina
166,Male,Human Resources,251,Once,251,Cummings,California
167,Male,Human Resources,285,Once,285,Peaker,California
168,Female,Accounting,259,Weekly,13468,Stathor,Virginia
169,Female,Product Management,44,Weekly,2288,Setterington,Ohio
170,Female,Product Management,220,Monthly,2640,null,California
171,Male,Support,9,Yearly,9,null,Florida
172,Male,Support,76,Once,76,Hanes,Georgia
173,Male,Training,295,Yearly,295,Feehely,New York
174,Male,Engineering,410,Monthly,4920,null,Michigan
175,Male,Human Resources,312,Yearly,312,null,Pennsylvania
176,Female,Engineering,202,Monthly,2424,Lammers,Texas
177,Female,Accounting,349,Monthly,4188,Lethabridge,Florida
178,Male,Product Management,100,Monthly,1200,null,Florida
179,Female,Engineering,22,Once,22,Harrowing,Florida
180,Female,Accounting,436,Once,436,null,Maryland
181,Male,Services,465,Yearly,465,Burehill,District of Columbia
182,Female,Legal,449,Yearly,449,Markus,Massachusetts
183,Female,Training,435,Weekly,22620,Minci,New York
184,Female,Training,213,Weekly,11076,Ghirardi,Florida
185,Female,Services,235,Monthly,2820,Dresser,Nebraska
186,Female,Research and Development,263,Once,263,Muris,Iowa
187,Female,Business Development,152,Monthly,1824,Jencey,District of Columbia
188,Male,Human Resources,215,Weekly,11180,Kalisz,Florida
189,Male,Support,114,Once,114,null,Nevada
190,Male,Human Resources,441,Monthly,5292,Barnes,Ohio
191,Male,Legal,467,Weekly,24284,null,Mississippi
192,Male,Engineering,367,Once,367,Sacaze,Pennsylvania
193,Male,Support,196,Weekly,10192,Laffin,Illinois
194,Female,Legal,405,Weekly,21060,null,Tennessee
195,Female,Sales,159,Once,159,null,Tennessee
196,Female,Legal,335,Weekly,17420,null,Connecticut
197,Female,Sales,187,Yearly,187,Freschi,California
198,Male,Legal,25,Weekly,1300,Benzie,Alabama
199,Male,Services,389,Yearly,389,Gibbens,Connecticut
200,Female,Business Development,170,Weekly,8840,Tinto,Massachusetts
201,Male,Research and Development,447,Yearly,447,Devlin,Virginia
202,Female,Research and Development,251,Monthly,3012,MacQuist,Missouri
203,Male,Training,489,Monthly,5868,Menci,California
204,Male,Product Management,409,Yearly,409,Alyokhin,Florida
205,Female,Accounting,218,Monthly,2616,null,Maryland
206,Male,Business Development,415,Monthly,4980,Lennon,California
207,Male,Legal,158,Monthly,1896,null,Florida
208,Female,Training,102,Yearly,102,Speller,Maryland
209,Female,Accounting,427,Once,427,Renne,Illinois
210,Male,Accounting,260,Once,260,Karpenko,Georgia
211,Female,Engineering,87,Monthly,1044,Leader,Virginia
212,Male,Services,39,Monthly,468,Caley,Alabama
213,Female,Services,29,Monthly,348,null,New Hampshire
214,Female,Marketing,85,Once,85,Retallick,Tennessee
215,Female,Marketing,284,Yearly,284,null,Texas
216,Female,Sales,275,Yearly,275,Bennike,Louisiana
217,Female,Marketing,230,Monthly,2760,Moggle,Louisiana
218,Male,Legal,353,Once,353,Tuckett,District of Columbia
219,Female,Marketing,210,Yearly,210,Anthon,Illinois
220,Male,Research and Development,341,Once,341,Ennion,Illinois
221,Male,Services,46,Yearly,46,Tremoille,California
222,Female,Business Development,10,Weekly,520,null,Florida
223,Male,Sales,354,Yearly,354,Deniseau,Missouri
224,Female,Research and Development,393,Yearly,393,Uden,Massachusetts
225,Male,Product Management,409,Once,409,Andreolli,California
226,Male,Human Resources,19,Monthly,228,null,Missouri
227,Female,Sales,222,Weekly,11544,Blackhall,Nevada
228,Female,Training,297,Monthly,3564,null,Louisiana
229,Female,Research and Development,77,Once,77,null,North Carolina
230,Male,Human Resources,450,Yearly,450,Ambrosch,Florida
231,Male,Business Development,466,Once,466,Losty,Massachusetts
232,Female,Legal,249,Once,249,Brugmann,North Carolina
233,Male,Engineering,258,Weekly,13416,null,Texas
234,Male,Legal,270,Weekly,14040,Verne,Colorado
235,Male,Sales,21,Yearly,21,null,Virginia
236,Male,Accounting,319,Weekly,16588,null,Arizona
237,Female,Product Management,119,Yearly,119,Duval,Georgia
238,Male,Engineering,152,Yearly,152,null,Connecticut
239,Male,Sales,15,Weekly,780,Isaksen,Washington
240,Female,Support,348,Once,348,Gritskov,Washington
241,Female,Sales,165,Once,165,Ales,Florida
242,Female,Accounting,202,Monthly,2424,Shelton,Connecticut
243,Female,Human Resources,365,Monthly,4380,null,Florida
244,Male,Engineering,282,Once,282,Gaunt,District of Columbia
245,Male,Support,156,Weekly,8112,null,West Virginia
246,Female,Training,317,Monthly,3804,Winger,Connecticut
247,Male,Accounting,315,Once,315,Giorgiutti,California
248,Female,Business Development,122,Weekly,6344,Hessay,Texas
249,Male,Training,16,Yearly,16,Levesley,Washington
250,Male,Research and Development,461,Yearly,461,Foffano,California
251,Female,Research and Development,488,Weekly,25376,Turford,California
252,Male,Support,411,Once,411,null,Nevada
253,Female,Product Management,287,Once,287,null,Oregon
254,Female,Human Resources,281,Monthly,3372,Ferns,California
255,Female,Human Resources,19,Weekly,988,Layne,California
256,Female,Business Development,202,Once,202,Shobrook,Florida
257,Female,Business Development,180,Once,180,Deely,Oklahoma
258,Male,Services,365,Yearly,365,null,Pennsylvania
259,Female,Services,188,Yearly,188,Dandie,Texas
260,Male,Research and Development,27,Weekly,1404,Filchagin,Louisiana
261,Female,Services,68,Yearly,68,Rubinovitch,Texas
262,Female,Sales,215,Weekly,11180,Hardway,Florida
263,Male,Research and Development,295,Monthly,3540,Highnam,Washington
264,Male,Product Management,500,Monthly,6000,Leithgoe,New York
265,Male,Accounting,417,Yearly,417,O'Flannery,Nevada
266,Male,Research and Development,341,Once,341,null,Texas
267,Male,Engineering,282,Yearly,282,Lavin,Georgia
268,Female,Marketing,77,Once,77,null,California
269,Male,Engineering,12,Monthly,144,Rouchy,Georgia
270,Female,Marketing,423,Monthly,5076,Littlejohn,Tennessee
271,Male,Legal,170,Once,170,Arr,Florida
272,Male,Research and Development,326,Once,326,Veysey,North Carolina
273,Female,Sales,348,Weekly,18096,Allflatt,New York
274,Female,Legal,176,Monthly,2112,Mann,Georgia
275,Female,Training,130,Weekly,6760,Skeemer,North Carolina
276,Female,Legal,107,Yearly,107,Strand,Minnesota
277,Male,Human Resources,232,Yearly,232,Lohan,Ohio
278,Male,Services,114,Once,114,Huban,Florida
279,Male,Human Resources,214,Monthly,2568,null,Wisconsin
280,Male,Accounting,37,Monthly,444,Murison,Florida
281,Male,Product Management,427,Once,427,Georgi,California
282,Male,Services,388,Monthly,4656,null,Iowa
283,Male,Training,325,Weekly,16900,Wraight,Illinois
284,Female,Legal,483,Monthly,5796,null,Pennsylvania
285,Female,Services,35,Once,35,Egar,Minnesota
286,Male,Product Management,262,Monthly,3144,null,Florida
287,Male,Support,375,Yearly,375,Willmer,Missouri
288,Female,Research and Development,256,Yearly,256,Bassom,Pennsylvania
289,Male,Accounting,277,Monthly,3324,Wolvey,California
290,Female,Business Development,492,Weekly,25584,null,Florida
291,Female,Product Management,208,Weekly,10816,null,Missouri
292,Female,Training,33,Yearly,33,null,Ohio
293,Female,Support,462,Monthly,5544,null,Pennsylvania
294,Male,Product Management,408,Yearly,408,Gubbin,Florida
295,Male,Business Development,144,Yearly,144,Castagne,California
296,Female,Engineering,491,Monthly,5892,Blackborn,New Mexico
297,Male,Business Development,243,Once,243,Legg,North Carolina
298,Female,Product Management,102,Yearly,102,Telezhkin,Florida
299,Female,Services,399,Yearly,399,null,Florida
300,Female,Product Management,180,Once,180,Hearons,Idaho
301,Male,Product Management,358,Once,358,Lyddiard,Virginia
302,Female,Product Management,447,Weekly,23244,Meeny,Texas
303,Male,Engineering,164,Yearly,164,null,Georgia
304,Male,Research and Development,479,Yearly,479,Shallcross,New York
305,Female,Human Resources,165,Yearly,165,Sandiford,California
306,Male,Legal,417,Once,417,Bensusan,Florida
307,Male,Accounting,344,Monthly,4128,null,Virginia
308,Male,Product Management,67,Once,67,Bene,Colorado
309,Male,Engineering,13,Weekly,676,null,Arkansas
310,Female,Human Resources,74,Once,74,Sunock,Virginia
311,Male,Product Management,219,Once,219,Wafer,Florida
312,Male,Product Management,262,Weekly,13624,Rousel,North Carolina
313,Male,Human Resources,93,Once,93,null,Virginia
314,Female,Human Resources,201,Once,201,Denkin,Illinois
315,Male,Services,186,Monthly,2232,null,Virginia
316,Male,Training,55,Once,55,Beaumont,Texas
317,Male,Research and Development,296,Yearly,296,null,Texas
318,Male,Services,86,Yearly,86,Champness,Georgia
319,Male,Legal,364,Monthly,4368,Barniss,Ohio
320,Male,Accounting,406,Once,406,null,District of Columbia
321,Male,Support,96,Once,96,Yorke,South Carolina
322,Female,Training,473,Yearly,473,null,Indiana
323,Female,Research and Development,391,Yearly,391,Lambert,Oregon
324,Female,Services,203,Weekly,10556,Easeman,Virginia
325,Female,Sales,167,Once,167,Beves,North Carolina
326,Female,Product Management,39,Once,39,null,Florida
327,Female,Training,213,Weekly,11076,null,Illinois
328,Female,Human Resources,140,Monthly,1680,Woodruff,Louisiana
329,Male,Human Resources,155,Weekly,8060,Feeley,Massachusetts
330,Male,Services,260,Weekly,13520,Koeppe,New York
331,Female,Sales,197,Monthly,2364,Jery,Minnesota
332,Male,Human Resources,299,Weekly,15548,null,Ohio
333,Male,Business Development,393,Weekly,20436,Elliman,Maryland
334,Male,Engineering,81,Monthly,972,Winchurst,Wisconsin
335,Male,Research and Development,83,Yearly,83,Gorick,Texas
336,Female,Services,173,Monthly,2076,Ellsom,Utah
337,Female,Services,69,Monthly,828,null,Wisconsin
338,Male,Business Development,482,Yearly,482,Sodeau,Mississippi
339,Male,Training,435,Once,435,Brabon,Texas
340,Female,Marketing,391,Monthly,4692,Swaddle,Tennessee
341,Female,Human Resources,99,Once,99,null,Colorado
342,Female,Support,179,Monthly,2148,Yeabsley,Texas
343,Male,Support,251,Yearly,251,Hiscoe,Ohio
344,Female,Training,342,Once,342,Comiam,Indiana
345,Female,Marketing,152,Weekly,7904,Abrahamsson,Nevada
346,Female,Services,46,Monthly,552,Dundon,Arizona
347,Female,Sales,203,Yearly,203,Vanyukhin,Michigan
348,Female,Sales,323,Monthly,3876,Taffley,Idaho
349,Female,Product Management,420,Weekly,21840,Powling,New York
350,Female,Sales,60,Weekly,3120,null,California
351,Male,Business Development,131,Yearly,131,Ronnay,Pennsylvania
352,Female,Accounting,186,Yearly,186,Bellas,Iowa
353,Male,Marketing,131,Once,131,Esch,Wisconsin
354,Male,Research and Development,427,Monthly,5124,Statton,California
355,Male,Engineering,42,Monthly,504,null,Florida
356,Female,Marketing,422,Once,422,null,California
357,Male,Business Development,183,Once,183,Mordey,California
358,Male,Legal,210,Once,210,null,Indiana
359,Male,Accounting,451,Once,451,Blount,Iowa
360,Male,Business Development,486,Once,486,Brooke,Florida
361,Female,Human Resources,182,Once,182,Amburgy,Virginia
362,Female,Human Resources,182,Once,182,Beel,Minnesota
363,Male,Marketing,11,Weekly,572,Schuster,Washington
364,Male,Engineering,259,Yearly,259,null,Florida
365,Female,Product Management,181,Monthly,2172,Blumire,New Jersey
366,Male,Accounting,233,Weekly,12116,Mathewson,California
367,Female,Product Management,144,Once,144,Rany,Missouri
368,Female,Services,420,Once,420,null,California
369,Female,Product Management,239,Weekly,12428,null,Oklahoma
370,Female,Legal,440,Yearly,440,Rudolf,Kansas
371,Female,Marketing,261,Weekly,13572,O'Keaveny,Kentucky
372,Female,Marketing,337,Once,337,MacAindreis,Virginia
373,Male,Marketing,396,Monthly,4752,Twelvetrees,Florida
374,Female,Research and Development,450,Yearly,450,Bertram,New York
375,Male,Research and Development,378,Yearly,378,Mingauld,New Hampshire
376,Female,Business Development,118,Yearly,118,Maylour,Illinois
377,Female,Engineering,451,Yearly,451,Murrigans,Illinois
378,Male,Services,111,Yearly,111,Gosney,District of Columbia
379,Female,Human Resources,126,Weekly,6552,null,California
380,Male,Product Management,262,Weekly,13624,Rhydderch,Delaware
381,Male,Training,369,Weekly,19188,Savil,Florida
382,Male,Business Development,126,Weekly,6552,Sam,Indiana
383,Female,Sales,73,Weekly,3796,Hundal,New York
384,Female,Business Development,227,Once,227,Abramof,Missouri
385,Male,Accounting,135,Weekly,7020,Eckery,Colorado
386,Male,Business Development,472,Yearly,472,Jakubovicz,Georgia
387,Male,Product Management,344,Once,344,Bell,New York
388,Male,Support,187,Monthly,2244,null,Colorado
389,Male,Sales,90,Once,90,Rippingale,California
390,Female,Accounting,190,Once,190,Plampin,Michigan
391,Female,Sales,345,Yearly,345,null,North Carolina
392,Male,Services,478,Monthly,5736,Pardoe,Massachusetts
393,Female,Support,18,Weekly,936,Capini,California
394,Male,Human Resources,189,Yearly,189,Muslim,Pennsylvania
395,Male,Business Development,355,Monthly,4260,Whiffin,Illinois
396,Female,Business Development,15,Monthly,180,Gethyn,Illinois
397,Female,Human Resources,460,Yearly,460,Gratten,California
398,Male,Accounting,179,Once,179,Tulloch,Alaska
399,Female,Product Management,387,Yearly,387,Brotheridge,California
400,Male,Training,194,Weekly,10088,null,Oregon
401,Female,Human Resources,57,Yearly,57,Trevorrow,New Jersey
402,Female,Legal,389,Yearly,389,Roose,Georgia
403,Female,Accounting,286,Once,286,null,Indiana
404,Female,Business Development,442,Once,442,null,California
405,Female,Research and Development,328,Monthly,3936,Elleton,New York
406,Female,Services,271,Once,271,Blaiklock,New York
407,Female,Accounting,321,Weekly,16692,Birbeck,New York
408,Male,Services,446,Yearly,446,null,California
409,Female,Accounting,34,Yearly,34,Arnely,Arizona
410,Male,Training,444,Once,444,Douglass,Florida
411,Female,Marketing,142,Once,142,Finlason,New York
412,Female,Human Resources,169,Yearly,169,null,Kansas
413,Female,Marketing,309,Yearly,309,Madgwick,Louisiana
414,Male,Product Management,321,Yearly,321,null,New York
415,Male,Marketing,89,Once,89,Morais,Oklahoma
416,Female,Marketing,187,Monthly,2244,McCarrick,Texas
417,Male,Support,377,Once,377,null,Nevada
418,Female,Engineering,112,Once,112,Leven,Connecticut
419,Female,Accounting,94,Monthly,1128,Hedon,Texas
420,Male,Support,196,Once,196,Prazor,Massachusetts
421,Male,Services,272,Weekly,14144,Lymbourne,Hawaii
422,Male,Product Management,81,Once,81,Alcock,Missouri
423,Male,Support,31,Weekly,1612,null,California
424,Male,Marketing,382,Yearly,382,Okeshott,Georgia
425,Female,Training,313,Once,313,McLenahan,Kansas
426,Male,Legal,102,Yearly,102,Sipson,Virginia
427,Male,Business Development,227,Yearly,227,Growden,Nevada
428,Female,Training,201,Once,201,Benne,Michigan
429,Male,Accounting,111,Once,111,null,Georgia
430,Male,Services,391,Monthly,4692,Lethley,Kentucky
431,Male,Training,343,Yearly,343,Jellett,Virginia
432,Male,Training,349,Weekly,18148,null,Illinois
433,Female,Business Development,38,Once,38,Yashaev,Kentucky
434,Male,Product Management,279,Monthly,3348,Harflete,Tennessee
435,Male,Product Management,237,Weekly,12324,Spire,New York
436,Female,Services,269,Monthly,3228,Castle,California
437,Male,Accounting,419,Weekly,21788,Tranmer,New York
438,Female,Training,133,Once,133,null,West Virginia
439,Female,Marketing,122,Weekly,6344,Fancett,Georgia
440,Male,Services,212,Weekly,11024,Sydenham,Colorado
441,Female,Engineering,213,Yearly,213,Timpany,Texas
442,Male,Services,317,Once,317,Biddlecombe,North Carolina
443,Male,Support,178,Weekly,9256,Ference,California
444,Female,Research and Development,155,Yearly,155,Duckit,New York
445,Female,Research and Development,65,Monthly,780,null,Ohio
446,Female,Accounting,468,Once,468,null,Michigan
447,Male,Human Resources,327,Weekly,17004,Winckworth,Texas
448,Female,Sales,114,Once,114,felip,Illinois
449,Male,Human Resources,309,Monthly,3708,Haskayne,Michigan
450,Male,Support,142,Monthly,1704,Couper,Texas
451,Male,Training,211,Monthly,2532,null,Texas
452,Male,Legal,372,Weekly,19344,null,Colorado
453,Male,Accounting,81,Monthly,972,null,Florida
454,Female,Research and Development,399,Weekly,20748,null,California
455,Female,Services,117,Weekly,6084,Tibbles,Colorado
456,Female,Support,345,Weekly,17940,Tomaszynski,California
457,Male,Human Resources,411,Monthly,4932,Domenichelli,Georgia
458,Male,Research and Development,401,Once,401,Casella,South Dakota
459,Female,Marketing,487,Weekly,25324,Forrington,Texas
460,Male,Accounting,215,Once,215,Pantridge,Oklahoma
461,Male,Sales,51,Yearly,51,Blaw,Pennsylvania
462,Female,Research and Development,296,Weekly,15392,Cowdroy,Virginia
463,Male,Marketing,297,Yearly,297,Weeden,New York
464,Male,Support,196,Once,196,Landell,Ohio
465,Female,Accounting,487,Yearly,487,Deeks,Utah
466,Male,Engineering,58,Yearly,58,Kiely,Utah
467,Female,Accounting,408,Weekly,21216,null,Missouri
468,Female,Legal,77,Once,77,Lennox,North Carolina
469,Male,Engineering,73,Weekly,3796,Dodds,Louisiana
470,Female,Accounting,442,Monthly,5304,Laughrey,Virginia
471,Male,Engineering,123,Weekly,6396,Moss,Wisconsin
472,Male,Accounting,64,Once,64,Bichard,New York
473,Female,Human Resources,487,Yearly,487,Wichard,Texas
474,Male,Services,462,Weekly,24024,null,Texas
475,Male,Engineering,303,Weekly,15756,Casserley,Nevada
476,Female,Business Development,58,Yearly,58,null,Texas
477,Female,Human Resources,476,Weekly,24752,Royan,Minnesota
478,Male,Services,351,Once,351,Puig,California
479,Male,Legal,400,Monthly,4800,null,District of Columbia
480,Male,Sales,498,Monthly,5976,Trotton,Wisconsin
481,Female,Training,197,Weekly,10244,null,Florida
482,Female,Support,27,Once,27,Downse,Alabama
483,Female,Services,69,Monthly,828,null,Arizona
484,Male,Services,193,Weekly,10036,Robillart,Kentucky
485,Male,Training,230,Monthly,2760,Giacomozzo,California
486,Male,Support,67,Weekly,3484,Glaister,Illinois
487,Female,Support,322,Once,322,Harraway,Virginia
488,Female,Training,422,Once,422,null,Utah
489,Female,Accounting,314,Weekly,16328,O'Caine,Missouri
490,Female,Marketing,201,Monthly,2412,McElane,Texas
491,Female,Sales,315,Once,315,Athersmith,Pennsylvania
492,Male,Product Management,12,Once,12,Bonnette,Florida
493,Male,Product Management,460,Once,460,Owtram,Arkansas
494,Female,Marketing,121,Once,121,Oddboy,Illinois
495,Female,Human Resources,72,Yearly,72,null,Michigan
496,Female,Research and Development,386,Monthly,4632,Stud,Oklahoma
497,Male,Legal,76,Monthly,912,Crinkley,North Carolina
498,Female,Support,144,Once,144,Odcroft,District of Columbia
499,Male,Product Management,132,Yearly,132,O'Sheilds,Oregon
500,Female,Product Management,494,Monthly,5928,Coates,California
501,Male,Legal,216,Once,216,Mcimmie,Indiana
502,Female,Training,286,Once,286,Mallock,District of Columbia
503,Male,Training,10,Once,10,Currell,Colorado
504,Male,Research and Development,95,Monthly,1140,Brill,New Mexico
505,Male,Marketing,255,Yearly,255,Clayal,Texas
506,Male,Product Management,178,Once,178,Smorfit,Hawaii
507,Female,Sales,31,Weekly,1612,Ailward,California
508,Male,Product Management,369,Yearly,369,Wofenden,California
509,Male,Research and Development,419,Yearly,419,null,Texas
510,Female,Human Resources,172,Weekly,8944,Jillard,District of Columbia
511,Male,Services,314,Monthly,3768,null,Florida
512,Male,Product Management,278,Monthly,3336,Higginbottam,New York
513,Female,Legal,361,Monthly,4332,null,Virginia
514,Female,Support,140,Once,140,Jantel,Indiana
515,Male,Engineering,74,Yearly,74,Wintersgill,California
516,Female,Marketing,394,Weekly,20488,Dexter,California
517,Female,Accounting,349,Yearly,349,Reditt,District of Columbia
518,Female,Sales,79,Monthly,948,Lund,Texas
519,Male,Training,466,Monthly,5592,Hunting,Virginia
520,Female,Engineering,332,Weekly,17264,Parzis,Georgia
521,Female,Human Resources,364,Once,364,Abthorpe,Kansas
522,Male,Marketing,17,Yearly,17,Poytres,California
523,Female,Sales,30,Once,30,McLaughlan,Indiana
524,Male,Marketing,391,Once,391,Holbie,Utah
525,Male,Human Resources,128,Weekly,6656,Goldthorpe,California
526,Female,Support,66,Weekly,3432,Easom,Maryland
527,Female,Support,256,Yearly,256,Titterton,North Carolina
528,Female,Engineering,270,Monthly,3240,Hornung,Montana
529,Female,Accounting,201,Once,201,Roland,Oklahoma
530,Male,Training,17,Weekly,884,Rochewell,Minnesota
531,Female,Services,456,Once,456,Cadamy,Texas
532,Male,Research and Development,320,Monthly,3840,Kernock,Ohio
533,Male,Product Management,151,Yearly,151,Rolph,Ohio
534,Female,Human Resources,46,Weekly,2392,Raikes,California
535,Male,Marketing,30,Weekly,1560,Karus,Washington
536,Female,Research and Development,347,Monthly,4164,Franceschi,Washington
537,Male,Services,487,Yearly,487,Naerup,Minnesota
538,Male,Sales,73,Once,73,Pessold,Texas
539,Male,Business Development,461,Yearly,461,Dartnall,California
540,Female,Business Development,206,Once,206,Pietranek,California
541,Female,Engineering,184,Weekly,9568,Ghilks,Pennsylvania
542,Male,Sales,402,Once,402,null,Texas
543,Male,Product Management,242,Yearly,242,null,California
544,Female,Training,200,Once,200,null,Florida
545,Female,Engineering,87,Monthly,1044,Olivazzi,Virginia
546,Female,Business Development,150,Yearly,150,Abramof,Texas
547,Male,Accounting,270,Once,270,null,Texas
548,Male,Sales,258,Once,258,Di Matteo,Maine
549,Male,Product Management,95,Yearly,95,Scotter,New York
550,Female,Research and Development,420,Yearly,420,Brettell,Pennsylvania
551,Male,Human Resources,416,Weekly,21632,Messent,California
552,Female,Engineering,125,Weekly,6500,Paoli,Louisiana
553,Female,Services,481,Once,481,Khristoforov,Arkansas
554,Female,Services,59,Yearly,59,null,Florida
555,Female,Training,44,Yearly,44,Mein,Illinois
556,Male,Services,165,Weekly,8580,Antognazzi,Texas
557,Female,Engineering,17,Once,17,null,New York
558,Female,Human Resources,89,Weekly,4628,null,Florida
559,Male,Business Development,230,Yearly,230,Sleeford,Missouri
560,Female,Research and Development,44,Yearly,44,Edmund,District of Columbia
561,Male,Engineering,489,Yearly,489,Blythin,Arizona
562,Female,Product Management,14,Yearly,14,null,California
563,Female,Engineering,164,Yearly,164,Pattington,Ohio
564,Female,Services,122,Yearly,122,Woodham,New Jersey
565,Male,Product Management,493,Monthly,5916,Armatidge,Maryland
566,Male,Business Development,376,Weekly,19552,Grabeham,Oklahoma
567,Male,Product Management,137,Yearly,137,null,Georgia
568,Male,Product Management,339,Weekly,17628,Proschke,Florida
569,Male,Marketing,283,Yearly,283,Raubenheimer,Colorado
570,Female,Training,190,Weekly,9880,null,Texas
571,Male,Legal,80,Once,80,null,Ohio
572,Male,Human Resources,363,Monthly,4356,Tytler,Texas
573,Female,Engineering,287,Weekly,14924,Serjeantson,California
574,Male,Support,223,Weekly,11596,Coyish,New York
575,Female,Accounting,371,Once,371,Burnage,Indiana
576,Female,Support,334,Once,334,Crippill,Oklahoma
577,Male,Services,400,Once,400,Carillo,Ohio
578,Male,Engineering,122,Yearly,122,Crystal,Kentucky
579,Male,Business Development,274,Monthly,3288,Strathern,Virginia
580,Female,Research and Development,111,Once,111,Yerrington,New York
581,Female,Marketing,101,Yearly,101,Rikard,South Carolina
582,Male,Services,143,Monthly,1716,Trenouth,Texas
583,Female,Support,59,Monthly,708,null,Maryland
584,Female,Legal,30,Yearly,30,null,Idaho
585,Female,Marketing,25,Monthly,300,null,Washington
586,Female,Product Management,351,Monthly,4212,Parkman,Louisiana
587,Female,Accounting,439,Once,439,Ipsly,Arizona
588,Female,Accounting,252,Weekly,13104,D'Alesio,North Carolina
589,Male,Business Development,428,Monthly,5136,Ellacott,Missouri
590,Female,Research and Development,153,Once,153,Jacklings,Texas
591,Female,Sales,26,Yearly,26,null,Ohio
592,Male,Accounting,240,Once,240,Dilleway,Texas
593,Female,Training,137,Monthly,1644,Simoes,Nevada
594,Male,Research and Development,300,Yearly,300,Sharma,Connecticut
595,Male,Accounting,184,Monthly,2208,Gisburn,Delaware
596,Female,Support,473,Weekly,24596,Mundy,Massachusetts
597,Male,Engineering,408,Weekly,21216,O'Lehane,District of Columbia
598,Female,Research and Development,482,Yearly,482,null,Virginia
599,Female,Research and Development,146,Monthly,1752,Drysdell,South Carolina
600,Male,Research and Development,442,Yearly,442,Layfield,California
601,Male,Marketing,458,Once,458,null,Kentucky
602,Male,Training,128,Yearly,128,Ventom,California
603,Male,Business Development,468,Once,468,Parkman,Nevada
604,Male,Research and Development,469,Weekly,24388,null,Virginia
605,Male,Services,78,Monthly,936,Angless,California
606,Female,Accounting,296,Yearly,296,null,North Carolina
607,Female,Support,217,Yearly,217,null,Florida
608,Female,Business Development,465,Once,465,Tayloe,Florida
609,Male,Marketing,335,Monthly,4020,Kaye,Tennessee
610,Female,Training,152,Yearly,152,null,California
611,Female,Marketing,146,Yearly,146,Hawkswell,Florida
612,Male,Sales,215,Weekly,11180,null,Iowa
613,Male,Human Resources,75,Yearly,75,Devon,West Virginia
614,Female,Research and Development,261,Monthly,3132,Leathe,Missouri
615,Male,Product Management,226,Monthly,2712,Wrankmore,District of Columbia
616,Male,Support,186,Monthly,2232,Murr,Florida
617,Male,Business Development,482,Weekly,25064,Guerrier,Texas
618,Female,Business Development,36,Weekly,1872,null,Florida
619,Male,Engineering,411,Yearly,411,null,Florida
620,Female,Business Development,451,Monthly,5412,Chrippes,Colorado
621,Female,Engineering,265,Weekly,13780,Muttock,Kentucky
622,Female,Human Resources,287,Yearly,287,Litchfield,New York
623,Female,Research and Development,320,Yearly,320,D'Acth,Pennsylvania
624,Male,Support,421,Weekly,21892,Greenlees,Idaho
625,Female,Sales,193,Once,193,Crisford,District of Columbia
626,Male,Product Management,57,Once,57,null,Florida
627,Male,Services,269,Once,269,Jovicevic,Tennessee
628,Male,Legal,40,Monthly,480,Dandison,District of Columbia
629,Female,Services,33,Monthly,396,null,Florida
630,Male,Support,14,Yearly,14,Rozzier,Texas
631,Female,Support,321,Once,321,null,Washington
632,Female,Research and Development,27,Monthly,324,Giannasi,Colorado
633,Female,Engineering,154,Once,154,Droghan,Kentucky
634,Male,Product Management,460,Monthly,5520,Bushill,Texas
635,Female,Human Resources,334,Weekly,17368,Whellams,California
636,Female,Research and Development,309,Weekly,16068,Askell,Massachusetts
637,Female,Training,422,Yearly,422,Barham,Nebraska
638,Male,Product Management,267,Yearly,267,null,Missouri
639,Female,Support,191,Weekly,9932,Brugmann,Georgia
640,Male,Human Resources,8,Once,8,null,Florida
641,Male,Business Development,254,Monthly,3048,McGovern,Virginia
642,Female,Sales,421,Weekly,21892,Finby,Minnesota
643,Male,Human Resources,174,Weekly,9048,Kesteven,Nebraska
644,Female,Legal,324,Yearly,324,Broster,Texas
645,Female,Services,296,Yearly,296,Burnip,Texas
646,Female,Accounting,84,Monthly,1008,Shilstone,Texas
647,Male,Support,112,Yearly,112,null,Illinois
648,Female,Accounting,177,Once,177,Megroff,Indiana
649,Male,Business Development,399,Once,399,null,Texas
650,Male,Services,146,Yearly,146,MacShane,Ohio
651,Male,Accounting,133,Yearly,133,null,Illinois
652,Male,Human Resources,45,Monthly,540,Frankis,Nebraska
653,Male,Product Management,279,Yearly,279,Le Provost,District of Columbia
654,Female,Engineering,193,Weekly,10036,null,Virginia
655,Female,Sales,424,Yearly,424,null,Georgia
656,Male,Product Management,328,Weekly,17056,Worssam,North Carolina
657,Female,Product Management,229,Yearly,229,null,North Carolina
658,Female,Business Development,6,Yearly,6,Seeborne,Missouri
659,Male,Business Development,265,Yearly,265,Scholey,New York
660,Female,Accounting,216,Weekly,11232,Winterbotham,Michigan
661,Male,Human Resources,348,Yearly,348,Lavalle,Mississippi
662,Male,Marketing,130,Monthly,1560,null,Connecticut
663,Male,Training,397,Weekly,20644,Austen,Texas
664,Female,Human Resources,320,Yearly,320,Allmann,New York
665,Female,Business Development,175,Weekly,9100,Twiname,Nevada
666,Female,Support,387,Weekly,20124,null,New York
667,Female,Training,262,Weekly,13624,null,Louisiana
668,Male,Marketing,151,Monthly,1812,Broomhead,North Carolina
669,Male,Training,347,Once,347,null,Texas
670,Female,Product Management,111,Once,111,Oleszkiewicz,Alabama
671,Female,Training,39,Weekly,2028,Murrigans,Tennessee
672,Male,Sales,411,Monthly,4932,Ackeroyd,California
673,Male,Marketing,108,Weekly,5616,Sheerin,California
674,Male,Sales,173,Yearly,173,Prandy,Florida
675,Male,Legal,205,Once,205,Kleimt,Louisiana
676,Female,Research and Development,461,Once,461,null,Iowa
677,Female,Product Management,423,Yearly,423,null,North Carolina
678,Male,Business Development,277,Yearly,277,null,Iowa
679,Female,Human Resources,6,Weekly,312,Kleint,California
680,Male,Engineering,277,Weekly,14404,Drackford,New Jersey
681,Male,Services,172,Weekly,8944,null,Tennessee
682,Male,Business Development,184,Once,184,Hubbins,Pennsylvania
683,Female,Engineering,455,Yearly,455,Mylchreest,California
684,Female,Accounting,107,Once,107,Duberry,New York
685,Female,Research and Development,37,Weekly,1924,null,Kansas
686,Male,Product Management,233,Once,233,Vicent,Ohio
687,Male,Human Resources,338,Once,338,Kopec,North Carolina
688,Female,Product Management,183,Monthly,2196,Dollar,California
689,Male,Services,387,Yearly,387,Flucks,Arizona
690,Male,Training,281,Once,281,Crilley,Tennessee
691,Female,Product Management,146,Yearly,146,null,Texas
692,Male,Services,6,Weekly,312,null,Colorado
693,Female,Human Resources,184,Monthly,2208,Beckenham,Illinois
694,Male,Business Development,190,Yearly,190,null,Louisiana
695,Female,Marketing,56,Weekly,2912,null,Florida
696,Male,Marketing,477,Yearly,477,Lowis,California
697,Male,Support,266,Once,266,null,North Dakota
698,Male,Training,363,Monthly,4356,null,Texas
699,Female,Legal,154,Weekly,8008,null,California
700,Female,Sales,164,Yearly,164,Tennison,Massachusetts
701,Female,Product Management,146,Once,146,null,North Carolina
702,Female,Services,487,Yearly,487,Drewet,Texas
703,Female,Training,274,Weekly,14248,Cronkshaw,Illinois
704,Female,Support,465,Weekly,24180,Rubert,Georgia
705,Female,Sales,102,Once,102,null,New York
706,Female,Training,227,Weekly,11804,Stops,Minnesota
707,Female,Business Development,95,Once,95,Wilacot,Arkansas
708,Female,Business Development,22,Once,22,Cottrill,Mississippi
709,Female,Sales,431,Monthly,5172,Scullard,Florida
710,Female,Training,32,Once,32,Jopp,Minnesota
711,Female,Marketing,297,Yearly,297,null,Iowa
712,Female,Product Management,7,Yearly,7,Gurr,Texas
713,Female,Marketing,423,Yearly,423,null,District of Columbia
714,Male,Engineering,354,Monthly,4248,null,Nevada
715,Female,Training,413,Weekly,21476,null,Oklahoma
716,Male,Business Development,195,Once,195,Rallin,Ohio
717,Female,Sales,273,Monthly,3276,null,California
718,Female,Services,82,Yearly,82,Casper,Florida
719,Male,Services,213,Weekly,11076,Swinerd,Oregon
720,Female,Accounting,364,Once,364,Skiplorne,Louisiana
721,Female,Accounting,418,Weekly,21736,Cluatt,Oklahoma
722,Male,Support,441,Monthly,5292,null,California
723,Male,Training,455,Monthly,5460,Trays,Missouri
724,Female,Sales,66,Weekly,3432,Annice,Arizona
725,Female,Support,78,Yearly,78,Lonsdale,California
726,Male,Sales,49,Yearly,49,Veare,Nevada
727,Male,Sales,22,Monthly,264,null,Tennessee
728,Male,Business Development,196,Once,196,null,Nevada
729,Female,Training,492,Yearly,492,Minthorpe,New York
730,Male,Legal,72,Once,72,null,Mississippi
731,Male,Sales,52,Weekly,2704,Ivens,Iowa
732,Male,Research and Development,321,Monthly,3852,Roddell,Louisiana
733,Male,Human Resources,141,Yearly,141,null,Tennessee
734,Female,Product Management,90,Monthly,1080,Hadye,West Virginia
735,Male,Human Resources,247,Monthly,2964,Barth,Delaware
736,Male,Services,112,Weekly,5824,Aimable,Texas
737,Male,Research and Development,268,Weekly,13936,Jerwood,Indiana
738,Female,Sales,86,Weekly,4472,Murrum,California
739,Female,Training,247,Once,247,Cow,Nebraska
740,Female,Legal,387,Yearly,387,null,Maryland
741,Male,Sales,400,Monthly,4800,Rowswell,Virginia
742,Male,Engineering,327,Once,327,Curragh,Texas
743,Female,Research and Development,423,Weekly,21996,Trehearn,Montana
744,Female,Product Management,44,Monthly,528,Bramble,Georgia
745,Female,Accounting,417,Yearly,417,Hardacre,Texas
746,Female,Support,80,Weekly,4160,Nuton,Florida
747,Male,Support,63,Yearly,63,Amiable,Illinois
748,Male,Research and Development,316,Yearly,316,Boylin,Iowa
749,Female,Marketing,334,Yearly,334,Blackbourn,Massachusetts
750,Male,Legal,320,Once,320,Fencott,Hawaii
751,Female,Engineering,17,Monthly,204,Cove,Texas
752,Male,Research and Development,201,Monthly,2412,Sugge,California
753,Female,Legal,292,Once,292,Draisey,Texas
754,Female,Training,37,Weekly,1924,Pickover,Colorado
755,Female,Business Development,362,Yearly,362,Antonin,Texas
756,Female,Legal,299,Once,299,Panks,Kentucky
757,Female,Business Development,197,Yearly,197,Hargroves,Indiana
758,Male,Legal,260,Monthly,3120,Perrington,Wisconsin
759,Male,Engineering,59,Yearly,59,Worts,California
760,Male,Product Management,352,Once,352,null,Georgia
761,Female,Support,78,Monthly,936,Neeves,New York
762,Female,Sales,385,Monthly,4620,Mansell,North Dakota
763,Female,Human Resources,135,Yearly,135,null,Indiana
764,Male,Engineering,280,Weekly,14560,Blanden,Tennessee
765,Female,Engineering,490,Monthly,5880,Heinert,Kentucky
766,Female,Engineering,192,Yearly,192,Earthfield,Florida
767,Female,Sales,323,Yearly,323,Matusovsky,Nevada
768,Male,Sales,73,Weekly,3796,Burril,Kentucky
769,Female,Sales,499,Yearly,499,Antoszewski,Delaware
770,Female,Research and Development,153,Yearly,153,Bicknell,Michigan
771,Male,Training,47,Once,47,null,Georgia
772,Female,Product Management,462,Yearly,462,Ledrane,District of Columbia
773,Female,Marketing,180,Weekly,9360,Sandars,Louisiana
774,Female,Business Development,233,Once,233,Polin,Montana
775,Male,Accounting,50,Monthly,600,null,New York
776,Male,Human Resources,266,Weekly,13832,null,Colorado
777,Female,Product Management,243,Monthly,2916,Dangerfield,Massachusetts
778,Female,Support,368,Monthly,4416,Wyss,Texas
779,Male,Product Management,346,Once,346,Santhouse,Virginia
780,Female,Human Resources,388,Yearly,388,Kitcher,Illinois
781,Male,Research and Development,414,Monthly,4968,Micklem,Tennessee
782,Male,Engineering,41,Weekly,2132,Fenge,New York
783,Female,Product Management,7,Monthly,84,null,Florida
784,Male,Marketing,368,Weekly,19136,Brewin,Florida
785,Male,Research and Development,465,Monthly,5580,Morhall,California
786,Female,Product Management,476,Weekly,24752,null,Tennessee
787,Female,Training,186,Weekly,9672,Medlar,California
788,Female,Sales,290,Yearly,290,Perrygo,District of Columbia
789,Male,Accounting,200,Monthly,2400,Burnip,District of Columbia
790,Female,Marketing,436,Yearly,436,Hazelgreave,Illinois
791,Female,Legal,428,Once,428,Anglish,Kansas
792,Male,Research and Development,319,Yearly,319,null,Georgia
793,Female,Support,431,Monthly,5172,Darton,Kentucky
794,Female,Services,407,Monthly,4884,null,Massachusetts
795,Female,Training,123,Weekly,6396,null,Florida
796,Male,Business Development,184,Monthly,2208,Lammiman,West Virginia
797,Female,Support,35,Monthly,420,Rude,Florida
798,Female,Legal,303,Weekly,15756,Bouch,Pennsylvania
799,Male,Sales,48,Yearly,48,null,Kentucky
800,Female,Support,283,Once,283,Tedridge,Alabama
801,Male,Legal,117,Monthly,1404,null,North Carolina
802,Female,Support,250,Weekly,13000,Verissimo,Texas
803,Male,Support,327,Yearly,327,Gosart,Arizona
804,Male,Engineering,167,Once,167,Daughtrey,Nevada
805,Male,Legal,83,Monthly,996,Mark,Texas
806,Female,Business Development,186,Once,186,null,California
807,Female,Training,428,Yearly,428,Carrivick,District of Columbia
808,Female,Business Development,153,Monthly,1836,null,Georgia
809,Male,Legal,175,Yearly,175,Dyos,Virginia
810,Female,Business Development,188,Yearly,188,Ridoutt,Alabama
811,Female,Product Management,392,Weekly,20384,Lidster,Illinois
812,Male,Research and Development,230,Yearly,230,Mattielli,North Carolina
813,Female,Services,251,Yearly,251,Baddeley,Washington
814,Male,Marketing,411,Yearly,411,null,Ohio
815,Male,Services,319,Monthly,3828,Coetzee,Oklahoma
816,Male,Accounting,25,Monthly,300,Cayley,North Carolina
817,Female,Human Resources,458,Monthly,5496,Maric,Colorado
818,Female,Business Development,400,Weekly,20800,Windless,Nevada
819,Female,Engineering,83,Weekly,4316,Vashchenko,Texas
820,Male,Research and Development,409,Monthly,4908,Luppitt,New York
821,Female,Business Development,63,Yearly,63,Degoy,Florida
822,Male,Sales,279,Weekly,14508,Grindle,New Jersey
823,Male,Services,273,Monthly,3276,Tempest,Nebraska
824,Female,Business Development,312,Once,312,Kippie,Ohio
825,Female,Product Management,434,Yearly,434,Thurgood,Pennsylvania
826,Male,Engineering,5,Once,5,Eyrl,Oklahoma
827,Female,Marketing,161,Weekly,8372,Mesant,Arkansas
828,Male,Support,382,Yearly,382,Willshee,Georgia
829,Male,Accounting,355,Weekly,18460,Shird,Alabama
830,Female,Research and Development,94,Monthly,1128,Tideswell,Virginia
831,Female,Engineering,61,Once,61,Fawkes,Florida
832,Female,Engineering,296,Once,296,Capelen,Utah
833,Male,Services,398,Weekly,20696,Pitfield,Pennsylvania
834,Male,Legal,221,Yearly,221,null,Texas
835,Female,Support,9,Once,9,Simoncelli,Oklahoma
836,Male,Support,83,Yearly,83,O'Doireidh,Montana
837,Female,Sales,207,Once,207,Silby,California
838,Male,Engineering,484,Yearly,484,Grimoldby,California
839,Female,Marketing,127,Once,127,Blackah,Florida
840,Female,Product Management,7,Yearly,7,Traher,Ohio
841,Female,Training,40,Yearly,40,Trumper,District of Columbia
842,Male,Training,304,Monthly,3648,Twamley,Tennessee
843,Male,Sales,182,Monthly,2184,Sucre,Texas
844,Male,Accounting,291,Monthly,3492,Biskup,Florida
845,Female,Human Resources,5,Weekly,260,null,Alabama
846,Female,Legal,175,Yearly,175,Cameron,South Carolina
847,Male,Business Development,39,Yearly,39,Howden,California
848,Male,Product Management,194,Once,194,Muir,Texas
849,Male,Training,105,Yearly,105,null,Hawaii
850,Female,Research and Development,273,Weekly,14196,Goodey,Georgia
851,Male,Services,452,Once,452,McGlashan,Texas
852,Male,Human Resources,247,Monthly,2964,Muriel,Tennessee
853,Male,Engineering,245,Monthly,2940,Danzey,New York
854,Female,Human Resources,180,Weekly,9360,Prickett,Georgia
855,Female,Sales,63,Once,63,Todarello,California
856,Male,Business Development,87,Once,87,Leve,Connecticut
857,Female,Accounting,143,Once,143,null,South Carolina
858,Male,Marketing,436,Weekly,22672,Cobbold,New York
859,Female,Product Management,307,Weekly,15964,null,Tennessee
860,Female,Engineering,397,Once,397,Flockhart,Georgia
861,Male,Marketing,41,Monthly,492,Millgate,North Carolina
862,Female,Support,417,Once,417,Izatson,Florida
863,Female,Product Management,68,Weekly,3536,Dod,Delaware
864,Female,Sales,261,Once,261,null,Pennsylvania
865,Male,Research and Development,332,Yearly,332,Janouch,Alaska
866,Male,Legal,242,Yearly,242,null,New Mexico
867,Male,Training,343,Yearly,343,Berthot,Minnesota
868,Male,Research and Development,96,Monthly,1152,Jonuzi,New York
869,Male,Research and Development,457,Yearly,457,McKall,Nevada
870,Male,Training,350,Yearly,350,Janeczek,Illinois
871,Male,Research and Development,64,Monthly,768,null,Arizona
872,Female,Human Resources,88,Yearly,88,Heeney,Texas
873,Male,Human Resources,220,Monthly,2640,Probert,California
874,Female,Engineering,181,Monthly,2172,McKeggie,Tennessee
875,Female,Legal,228,Yearly,228,null,Washington
876,Female,Engineering,436,Weekly,22672,Clowney,Michigan
877,Female,Engineering,480,Monthly,5760,null,Arkansas
878,Female,Engineering,409,Weekly,21268,Flanner,District of Columbia
879,Female,Services,317,Once,317,Albutt,Illinois
880,Male,Research and Development,90,Once,90,Gandrich,Florida
881,Female,Engineering,372,Weekly,19344,Courtenay,California
882,Male,Support,302,Yearly,302,null,California
883,Male,Training,460,Weekly,23920,Daughtery,New Jersey
884,Male,Accounting,283,Weekly,14716,null,California
885,Male,Product Management,395,Monthly,4740,null,Pennsylvania
886,Male,Business Development,442,Monthly,5304,null,Texas
887,Male,Accounting,439,Monthly,5268,Botte,Florida
888,Male,Engineering,6,Once,6,Franschini,North Carolina
889,Male,Marketing,324,Once,324,Parriss,California
890,Male,Human Resources,347,Yearly,347,null,California
891,Female,Research and Development,46,Yearly,46,null,Texas
892,Male,Accounting,70,Once,70,null,Indiana
893,Female,Business Development,223,Once,223,Meharg,Alaska
894,Male,Sales,472,Yearly,472,Scraney,Tennessee
895,Male,Sales,433,Once,433,Oxherd,Texas
896,Male,Product Management,286,Weekly,14872,null,Illinois
897,Female,Human Resources,355,Monthly,4260,Mitrikhin,California
898,Female,Support,426,Monthly,5112,null,Michigan
899,Male,Accounting,446,Monthly,5352,null,Texas
900,Female,Training,442,Monthly,5304,Josuweit,District of Columbia
901,Male,Marketing,356,Once,356,Browett,Colorado
902,Female,Training,334,Yearly,334,Crunkhurn,Oklahoma
903,Male,Human Resources,248,Yearly,248,Goodredge,California
904,Female,Accounting,13,Weekly,676,Tapenden,North Carolina
905,Female,Engineering,182,Yearly,182,null,Florida
906,Male,Business Development,286,Monthly,3432,null,Minnesota
907,Female,Human Resources,405,Once,405,null,Texas
908,Female,Training,422,Once,422,Pullar,Florida
909,Male,Accounting,234,Once,234,Reubbens,Texas
910,Male,Sales,482,Monthly,5784,Baford,California
911,Female,Sales,48,Yearly,48,Sleeny,New York
912,Male,Research and Development,195,Once,195,Heading,Kentucky
913,Female,Research and Development,214,Yearly,214,Eustes,Connecticut
914,Male,Human Resources,226,Once,226,Harriss,Georgia
915,Male,Business Development,155,Once,155,Quernel,West Virginia
916,Male,Business Development,159,Yearly,159,Entwhistle,Florida
917,Female,Sales,56,Monthly,672,Bebis,California
918,Female,Accounting,15,Yearly,15,Phripp,Texas
919,Female,Business Development,51,Weekly,2652,null,Kentucky
920,Male,Support,390,Weekly,20280,Roycroft,Tennessee
921,Female,Engineering,158,Weekly,8216,null,South Carolina
922,Female,Business Development,364,Yearly,364,Fidgin,Iowa
923,Male,Services,274,Yearly,274,Osgar,California
924,Male,Business Development,206,Once,206,Heiden,Missouri
925,Female,Human Resources,380,Monthly,4560,Chretien,Michigan
926,Male,Legal,51,Monthly,612,null,North Carolina
927,Female,Sales,187,Monthly,2244,Brosnan,Florida
928,Female,Engineering,375,Weekly,19500,Kreber,Wisconsin
929,Female,Sales,275,Weekly,14300,null,Tennessee
930,Male,Sales,211,Weekly,10972,null,Virginia
931,Male,Product Management,488,Once,488,null,Illinois
932,Female,Legal,439,Weekly,22828,Turmel,Florida
933,Male,Product Management,56,Monthly,672,Mannock,Alabama
934,Female,Services,199,Weekly,10348,null,Louisiana
935,Male,Training,175,Once,175,Goodman,Nevada
936,Male,Training,484,Yearly,484,Laugharne,Texas
937,Male,Services,426,Yearly,426,null,Pennsylvania
938,Male,Accounting,382,Once,382,Nathan,Texas
939,Male,Research and Development,190,Monthly,2280,Morrallee,Illinois
940,Female,Services,287,Once,287,Disbrow,New York
941,Male,Business Development,493,Yearly,493,null,Louisiana
942,Male,Sales,17,Yearly,17,Llewellen,Alabama
943,Male,Product Management,451,Once,451,Dinneen,New Mexico
944,Female,Marketing,486,Yearly,486,Sackes,Washington
945,Female,Human Resources,359,Yearly,359,null,New York
946,Male,Sales,484,Weekly,25168,null,Arkansas
947,Male,Support,414,Once,414,null,District of Columbia
948,Male,Business Development,169,Yearly,169,Leppard,Maryland
949,Female,Business Development,462,Yearly,462,Smethurst,Tennessee
950,Male,Human Resources,173,Weekly,8996,Chanson,Ohio
951,Male,Legal,387,Yearly,387,Kenworthey,California
952,Female,Training,61,Weekly,3172,Godsafe,Wisconsin
953,Female,Business Development,234,Yearly,234,null,New York
954,Male,Services,216,Yearly,216,Melendez,North Carolina
955,Female,Business Development,108,Once,108,null,Massachusetts
956,Male,Support,418,Monthly,5016,null,Florida
957,Female,Engineering,136,Once,136,Figgess,New York
958,Male,Business Development,350,Once,350,null,Texas
959,Male,Human Resources,307,Yearly,307,Vida,Maryland
960,Female,Support,440,Once,440,Gronaller,Florida
961,Female,Services,134,Once,134,null,Texas
962,Male,Support,319,Yearly,319,Vedstra,North Carolina
963,Male,Legal,165,Once,165,Tibols,Missouri
964,Female,Marketing,92,Once,92,Tree,North Carolina
965,Male,Research and Development,497,Weekly,25844,Rockcliffe,New York
966,Male,Support,52,Monthly,624,Cholerton,Washington
967,Male,Engineering,233,Once,233,Berdale,California
968,Male,Support,409,Weekly,21268,Dulanty,New York
969,Male,Human Resources,494,Monthly,5928,Baumber,California
970,Male,Sales,452,Weekly,23504,null,Ohio
971,Female,Accounting,34,Monthly,408,Capnor,Pennsylvania
972,Female,Engineering,207,Monthly,2484,Kytter,Nevada
973,Male,Human Resources,85,Weekly,4420,O'Lenechan,Idaho
974,Female,Training,299,Once,299,Trimming,Minnesota
975,Male,Training,437,Monthly,5244,Blackford,Virginia
976,Male,Product Management,83,Weekly,4316,Perris,Wisconsin
977,Male,Support,447,Once,447,Zecchetti,Texas
978,Male,Legal,42,Once,42,Halso,Michigan
979,Female,Legal,148,Yearly,148,Dudden,Texas
980,Female,Engineering,154,Weekly,8008,null,Pennsylvania
981,Female,Engineering,335,Weekly,17420,Leaf,California
982,Male,Support,436,Once,436,Finey,Michigan
983,Male,Legal,200,Monthly,2400,Lebel,Texas
984,Male,Engineering,68,Yearly,68,Dunnet,Tennessee
985,Female,Business Development,87,Once,87,null,Louisiana
986,Female,Support,244,Monthly,2928,Di Francecshi,Texas
987,Female,Marketing,455,Weekly,23660,null,Indiana
988,Female,Research and Development,152,Once,152,Brawley,Kansas
989,Male,Human Resources,301,Weekly,15652,Mutimer,Utah
990,Female,Accounting,474,Weekly,24648,Damant,Texas
991,Female,Training,145,Yearly,145,null,Texas
992,Female,Product Management,433,Weekly,22516,Inger,Indiana
993,Female,Accounting,76,Weekly,3952,Antrim,Texas
994,Female,Training,243,Once,243,Dyett,Texas
995,Female,Research and Development,30,Monthly,360,null,New York
996,Male,Engineering,254,Once,254,Lister,Virginia
997,Male,Accounting,68,Weekly,3536,Drain,New York
998,Female,Sales,105,Yearly,105,Giblin,Florida
999,Female,Research and Development,165,Weekly,8580,Fancutt,Virginia
1000,Female,Support,482,Once,482,Mellonby,Massachusetts
